id,name,lng,lat,tag,created_at,updated_at
1,Romantik Hotel Fuchsbau,10.748155,53.987832,0,2019-05-31 15:55:03.749686,2019-05-31 15:55:03.749686
2,Parking,10.77427,54.000366,0,2019-05-31 15:55:03.769467,2019-05-31 15:55:03.769467
3,Reethus,10.775784,54.001642,0,2019-05-31 15:55:03.785106,2019-05-31 15:55:03.785106
4,Hipotels Gran Conil,-6.0980118,36.283648,0,2019-05-31 15:55:03.792716,2019-05-31 15:55:03.792716
5,Busbahnhof,-6.0857567,36.278885,0,2019-05-31 15:55:03.805891,2019-05-31 15:55:03.805891
6,Bushaltestelle,-6.0740543,36.294975,0,2019-05-31 15:55:03.816582,2019-05-31 15:55:03.816582
7,Restsurant Feduchs,-6.0876155,36.276054,0,2019-05-31 15:55:03.828116,2019-05-31 15:55:03.828116
8,Panorama,-6.13994,36.295426,0,2019-05-31 15:55:03.857926,2019-05-31 15:55:03.857926
9,Plaza de España,-5.9627614,36.253552,0,2019-05-31 15:55:03.869009,2019-05-31 15:55:03.869009
10,Bushaltestelle,-5.9678844,36.255685,0,2019-05-31 15:55:03.881416,2019-05-31 15:55:03.881416
11,Tarifa,-5.6048947,36.012783,0,2019-05-31 15:55:03.895674,2019-05-31 15:55:03.895674
12,Medina Sidonia,-5.9272731,36.457671,0,2019-05-31 15:55:03.914926,2019-05-31 15:55:03.914926
13,Iglesia de Santa María La Coronada,-5.9255779,36.458044,0,2019-05-31 15:55:03.933931,2019-05-31 15:55:03.933931
14,Dia,-6.0925209,36.285795,0,2019-05-31 15:55:03.957318,2019-05-31 15:55:03.957318
15,Mercadona,-6.0886938,36.284607,0,2019-05-31 15:55:04.010971,2019-05-31 15:55:04.010971
16,SuperSol,-6.0899889,36.280227,0,2019-05-31 15:55:04.050971,2019-05-31 15:55:04.050971
17,Titus Bar,-6.0918829,36.276314,0,2019-05-31 15:55:04.080843,2019-05-31 15:55:04.080843
18,Cadiz 11,-6.0903567,36.275494,0,2019-05-31 15:55:04.094618,2019-05-31 15:55:04.094618
19,Museo de Raices Conilaes,-6.0894461,36.274851,0,2019-05-31 15:55:04.124127,2019-05-31 15:55:04.124127
20,Plaza de España,-6.0879722,36.275553,0,2019-05-31 15:55:04.140161,2019-05-31 15:55:04.140161
21,Gebäude,-6.0881654,36.27761,0,2019-05-31 15:55:04.166825,2019-05-31 15:55:04.166825
22,ESTUDIO 1 DORMITORIO CON PERFECTA UBICACION,-6.0871381,36.278463,0,2019-05-31 15:55:04.190577,2019-05-31 15:55:04.190577
23,Mercado Municipal de Abastos,-6.0887273,36.279379,0,2019-05-31 15:55:04.224137,2019-05-31 15:55:04.224137
24,Unbekannter Ort,-6.0844609,36.283228,0,2019-05-31 15:55:04.233584,2019-05-31 15:55:04.233584
25,Calle Mercurio,-6.0884963,36.28056,0,2019-05-31 15:55:04.247688,2019-05-31 15:55:04.247688
26,Calle Sol,-6.0878824,36.281294,0,2019-05-31 15:55:04.259446,2019-05-31 15:55:04.259446
27,Calle Trafalgar,-6.0866167,36.282021,0,2019-05-31 15:55:04.276838,2019-05-31 15:55:04.276838
28,Calle de San Diego de Alcala,-6.0857105,36.282457,0,2019-05-31 15:55:04.316603,2019-05-31 15:55:04.316603
29,Calle de la Herrería,-6.0874512,36.27474,0,2019-05-31 15:55:04.370942,2019-05-31 15:55:04.370942
30,Unbekannter Ort,-6.0878512,36.273535,0,2019-05-31 15:55:04.404824,2019-05-31 15:55:04.404824
31,Calle de la Almadraba,-6.0872139,36.273209,0,2019-05-31 15:55:04.440155,2019-05-31 15:55:04.440155
32,Calle de la Almadraba,-6.0883008,36.273191,0,2019-05-31 15:55:04.488562,2019-05-31 15:55:04.488562
33,Apes' Den,-5.3457031,36.132237,0,2019-05-31 15:55:04.502131,2019-05-31 15:55:04.502131
34,St.-Michael-Höhle,-5.3455261,36.126143,0,2019-05-31 15:55:04.537471,2019-05-31 15:55:04.537471
35,Moorish Castle,-5.3496969,36.143924,0,2019-05-31 15:55:04.557629,2019-05-31 15:55:04.557629
36,Panorama,-5.345864,36.12051,0,2019-05-31 15:55:04.567666,2019-05-31 15:55:04.567666
37,natural-scrub,-6.0811779,36.281783,0,2019-05-31 15:55:04.577108,2019-05-31 15:55:04.577108
38,Parkplatz,-5.9606384,36.254283,0,2019-05-31 15:55:04.590916,2019-05-31 15:55:04.590916
39,Arco de la Puerta Cerrada,-5.9638235,36.252317,0,2019-05-31 15:55:04.624789,2019-05-31 15:55:04.624789
40,Iglesia del Divino Salvador,-5.9645048,36.253996,0,2019-05-31 15:55:04.638749,2019-05-31 15:55:04.638749
41,Castillo,-5.9638785,36.253074,0,2019-05-31 15:55:04.657481,2019-05-31 15:55:04.657481
42,Convento de las Concepcionistas,-5.9643761,36.253173,0,2019-05-31 15:55:04.675611,2019-05-31 15:55:04.675611
43,Parkplatz,-6.3048637,36.530605,0,2019-05-31 15:55:04.698729,2019-05-31 15:55:04.698729
44,Casa-Museo Pemán,-6.2993303,36.535077,0,2019-05-31 15:55:04.710246,2019-05-31 15:55:04.710246
45,Parque Genovés,-6.3049599,36.53548,0,2019-05-31 15:55:04.7263,2019-05-31 15:55:04.7263
46,Parador de Cádiz,-6.3054672,36.534363,0,2019-05-31 15:55:04.750147,2019-05-31 15:55:04.750147
47,Plaza de Mina,-6.2975218,36.53499,0,2019-05-31 15:55:04.761666,2019-05-31 15:55:04.761666
48,Alameda de Apodaca,-6.2984157,36.537095,0,2019-05-31 15:55:04.768875,2019-05-31 15:55:04.768875
49,Plaza San Francisco,-6.2959601,36.534446,0,2019-05-31 15:55:04.776457,2019-05-31 15:55:04.776457
50,Mein Standort,-6.2952705,36.533074,0,2019-05-31 15:55:04.784751,2019-05-31 15:55:04.784751
51,Calle Columela,-6.295946,36.532332,0,2019-05-31 15:55:04.793679,2019-05-31 15:55:04.793679
52,Lucio Junio Moderato Columela,-6.2971631,36.53096,0,2019-05-31 15:55:04.825958,2019-05-31 15:55:04.825958
53,Mercado / Markt,-6.2981984,36.530508,0,2019-05-31 15:55:04.846994,2019-05-31 15:55:04.846994
54,Mein Standort,-6.2966039,36.529544,0,2019-05-31 15:55:04.862071,2019-05-31 15:55:04.862071
55,Plaza de la Catedral,-6.2953955,36.529682,0,2019-05-31 15:55:04.871401,2019-05-31 15:55:04.871401
56,Plaza de San Juan de Díos,-6.2930171,36.529685,0,2019-05-31 15:55:04.8812,2019-05-31 15:55:04.8812
57,Torre Tavira,-6.2983218,36.531973,0,2019-05-31 15:55:04.891981,2019-05-31 15:55:04.891981
58,Kibek,8.8074747,53.024671,0,2019-05-31 15:55:04.899737,2019-05-31 15:55:04.899737
59,Zero Factory Store,8.8382182,53.050149,0,2019-05-31 15:55:04.90745,2019-05-31 15:55:04.90745
60,Ochtum Park,8.8053477,53.02981,0,2019-05-31 15:55:04.914115,2019-05-31 15:55:04.914115
61,Gebäude,10.045644,53.554836,0,2019-05-31 15:55:04.921341,2019-05-31 15:55:04.921341
62,Dürer Kert,19.090018,47.509772,0,2019-05-31 15:55:04.933023,2019-05-31 15:55:04.933023
63,"Eötvös utca, 26/b",19.062753,47.507104,0,2019-05-31 15:55:04.943609,2019-05-31 15:55:04.943609
64,Budapest Ferenc Liszt International Airport,19.257165,47.435258,0,2019-05-31 15:55:04.952506,2019-05-31 15:55:04.952506
65,A&D Designer Homes - Danube Promenade,19.044496,47.491819,0,2019-05-31 15:55:04.963566,2019-05-31 15:55:04.963566
66,Matthiaskirche,19.034295,47.502022,0,2019-05-31 15:55:04.974498,2019-05-31 15:55:04.974498
67,Burgpalast,19.03956,47.495987,0,2019-05-31 15:55:04.990997,2019-05-31 15:55:04.990997
68,Kőbánya-Kispest,19.148179,47.463636,0,2019-05-31 15:55:05.002901,2019-05-31 15:55:05.002901
69,Széll Kálmán tér,19.025661,47.507452,0,2019-05-31 15:55:05.016331,2019-05-31 15:55:05.016331
70,Budapest Baristas,19.060701,47.492545,0,2019-05-31 15:55:05.038294,2019-05-31 15:55:05.038294
71,New York Café,19.070518,47.498611,0,2019-05-31 15:55:05.046565,2019-05-31 15:55:05.046565
72,Kunstwerk,19.041223,47.498575,0,2019-05-31 15:55:05.052868,2019-05-31 15:55:05.052868
73,Szent György tér,19.038557,47.497667,0,2019-05-31 15:55:05.063797,2019-05-31 15:55:05.063797
74,Léhűtő,19.059701,47.498926,0,2019-05-31 15:55:05.071984,2019-05-31 15:55:05.071984
75,Karaván,19.062866,47.497098,0,2019-05-31 15:55:05.079389,2019-05-31 15:55:05.079389
76,St. Stephen's Basilica,19.053969,47.500782,0,2019-05-31 15:55:05.08773,2019-05-31 15:55:05.08773
77,Central Market Hall,19.058808,47.486744,0,2019-05-31 15:55:05.09524,2019-05-31 15:55:05.09524
78,Neubau Märtyrer-Denkmal,19.05005,47.503786,0,2019-05-31 15:55:05.106752,2019-05-31 15:55:05.106752
79,Parlamentsgebäude,19.045871,47.507094,0,2019-05-31 15:55:05.114448,2019-05-31 15:55:05.114448
80,Deutsche Bank,19.052285,47.507028,0,2019-05-31 15:55:05.122595,2019-05-31 15:55:05.122595
81,Millenniumsdenkmal,19.078214,47.51553,0,2019-05-31 15:55:05.133207,2019-05-31 15:55:05.133207
82,Ungarisches Landwirtschaftsmuseum,19.083074,47.515052,0,2019-05-31 15:55:05.142687,2019-05-31 15:55:05.142687
83,Hősök temetője,19.060456,47.496164,0,2019-05-31 15:55:05.152574,2019-05-31 15:55:05.152574
84,Anker't,19.059183,47.501333,0,2019-05-31 15:55:05.158451,2019-05-31 15:55:05.158451
85,PadThai wok2go,19.058604,47.498859,0,2019-05-31 15:55:05.165741,2019-05-31 15:55:05.165741
86,Cafe Vian,19.05906,47.498586,0,2019-05-31 15:55:05.174756,2019-05-31 15:55:05.174756
87,Blue Bird,19.059658,47.498334,0,2019-05-31 15:55:05.182008,2019-05-31 15:55:05.182008
88,One More Cafe,19.060028,47.498055,0,2019-05-31 15:55:05.192977,2019-05-31 15:55:05.192977
89,Szimpla Kert,19.063365,47.496911,0,2019-05-31 15:55:05.199862,2019-05-31 15:55:05.199862
90,Raiffeisen,19.055074,47.499423,0,2019-05-31 15:55:05.206859,2019-05-31 15:55:05.206859
91,Basseterre,-62.722301,17.296093,0,2019-05-31 15:55:05.213672,2019-05-31 15:55:05.213672
92,Cartagena,-75.527121,10.419584,0,2019-05-31 15:55:05.220025,2019-05-31 15:55:05.220025
93,Colón,-79.896343,9.3560848,0,2019-05-31 15:55:05.2261,2019-05-31 15:55:05.2261
94,Limón,-83.030459,9.9948984,0,2019-05-31 15:55:05.233344,2019-05-31 15:55:05.233344
95,Montego Bay,-77.921736,18.472459,0,2019-05-31 15:55:05.240342,2019-05-31 15:55:05.240342
96,Samaná,-69.334274,19.204249,0,2019-05-31 15:55:05.249485,2019-05-31 15:55:05.249485
97,St. John's,-61.844851,17.118456,0,2019-05-31 15:55:05.257404,2019-05-31 15:55:05.257404
98,La Romana,-68.973442,18.42728,0,2019-05-31 15:55:05.265868,2019-05-31 15:55:05.265868
99,Leonardo Hotel Köln Bonn Airport,7.110382,50.880706,0,2019-05-31 15:55:05.277112,2019-05-31 15:55:05.277112
100,Pedro Miguel Locks,-79.613156,9.017431,0,2019-05-31 15:55:05.284278,2019-05-31 15:55:05.284278
101,Unbekannter Ort,-79.703224,9.1158503,0,2019-05-31 15:55:05.293716,2019-05-31 15:55:05.293716
102,Miraflores Locks,-79.591282,8.9965678,0,2019-05-31 15:55:05.304118,2019-05-31 15:55:05.304118
103,Spotts Bay Alternate Cruise Facility of Port Authority,-81.318644,19.272867,0,2019-05-31 15:55:05.311211,2019-05-31 15:55:05.311211
104,Unbekannter Ort,-81.38303,19.293429,0,2019-05-31 15:55:05.318456,2019-05-31 15:55:05.318456
105,Doctors Cave Beach,-77.92881,18.488201,0,2019-05-31 15:55:05.325439,2019-05-31 15:55:05.325439
106,Discovery Bay,-77.407307,18.464932,0,2019-05-31 15:55:05.332582,2019-05-31 15:55:05.332582
107,Dunn's River Falls and Park,-77.137868,18.415848,0,2019-05-31 15:55:05.339791,2019-05-31 15:55:05.339791
108,Barcelona,2.1774174,41.382883,0,2019-05-31 15:55:05.348181,2019-05-31 15:55:05.348181
109,Paris,2.3514821,48.856602,0,2019-05-31 15:55:05.361752,2019-05-31 15:55:05.361752
110,Birmingham,-1.8948628,52.477675,0,2019-05-31 15:55:05.369905,2019-05-31 15:55:05.369905
111,Edinburg,-3.191507,55.949553,0,2019-05-31 15:55:05.379544,2019-05-31 15:55:05.379544
112,Dublin,-6.2602552,53.349774,0,2019-05-31 15:55:05.388259,2019-05-31 15:55:05.388259
113,Marseille,5.3699332,43.296187,0,2019-05-31 15:55:05.397226,2019-05-31 15:55:05.397226
114,Palma de Mallorca,2.650087,39.569593,0,2019-05-31 15:55:05.405548,2019-05-31 15:55:05.405548
115,Ibiza Stadt,1.4340379,38.909423,0,2019-05-31 15:55:05.418582,2019-05-31 15:55:05.418582
116,Las Palmas de Gran Canaria,-15.435042,28.128787,0,2019-05-31 15:55:05.431662,2019-05-31 15:55:05.431662
117,Santa Cruz de Tenerife,-16.253652,28.459772,0,2019-05-31 15:55:05.439886,2019-05-31 15:55:05.439886
118,Arrecife,-13.549899,28.963978,0,2019-05-31 15:55:05.45282,2019-05-31 15:55:05.45282
119,Funchal,-16.908669,32.649659,0,2019-05-31 15:55:05.485311,2019-05-31 15:55:05.485311
120,Unbekannter Ort,-5.50445,50.12305,0,2019-05-31 15:55:05.520352,2019-05-31 15:55:05.520352
121,Southampton,-1.4041688,50.902537,0,2019-05-31 15:55:05.530065,2019-05-31 15:55:05.530065
122,Le Havre,0.10795372,49.493905,0,2019-05-31 15:55:05.53931,2019-05-31 15:55:05.53931
123,Brügge,3.2267838,51.208541,0,2019-05-31 15:55:05.548204,2019-05-31 15:55:05.548204
124,Rotterdam,4.4631749,51.922902,0,2019-05-31 15:55:05.558541,2019-05-31 15:55:05.558541
125,Lüneburg,10.407852,53.248697,0,2019-05-31 15:55:05.566185,2019-05-31 15:55:05.566185
126,München,11.575364,48.1371,0,2019-05-31 15:55:05.573575,2019-05-31 15:55:05.573575
127,Nürnberg,11.077289,49.453861,0,2019-05-31 15:55:05.596032,2019-05-31 15:55:05.596032
128,Erlangen,11.003646,49.59813,0,2019-05-31 15:55:05.604634,2019-05-31 15:55:05.604634
129,Osnabrück,8.0497393,52.266836,0,2019-05-31 15:55:05.623842,2019-05-31 15:55:05.623842
130,Prag,14.421253,50.087455,0,2019-05-31 15:55:05.665363,2019-05-31 15:55:05.665363
131,Berlin,13.388881,52.517048,0,2019-05-31 15:55:05.678981,2019-05-31 15:55:05.678981
132,Leipzig,12.381057,51.339183,0,2019-05-31 15:55:05.696508,2019-05-31 15:55:05.696508
133,Magdeburg,11.639952,52.131583,0,2019-05-31 15:55:05.705365,2019-05-31 15:55:05.705365
134,Aix-en-Provence,5.4474812,43.52984,0,2019-05-31 15:55:05.715883,2019-05-31 15:55:05.715883
135,Plaza de la Aduana,-75.550279,10.422169,0,2019-05-31 15:55:05.722833,2019-05-31 15:55:05.722833
136,Choco Museum and Workshops,-75.550883,10.422726,0,2019-05-31 15:55:05.74642,2019-05-31 15:55:05.74642
137,Playita de Amador,-79.528347,8.913218,0,2019-05-31 15:55:05.761212,2019-05-31 15:55:05.761212
138,Cueva La Arena,-69.464926,19.080488,0,2019-05-31 15:55:05.771654,2019-05-31 15:55:05.771654
139,Terminal de croisière,-61.072563,14.601043,0,2019-05-31 15:55:05.780307,2019-05-31 15:55:05.780307
140,Panorama,-61.758133,17.01105,0,2019-05-31 15:55:05.790335,2019-05-31 15:55:05.790335
141,Nelson Dockyards,-61.765139,17.00807,0,2019-05-31 15:55:05.800046,2019-05-31 15:55:05.800046
142,Shirley Heights,-61.755032,17.00226,0,2019-05-31 15:55:05.811947,2019-05-31 15:55:05.811947
143,"Center Boulevard, 1",12.577936,55.63971,0,2019-05-31 15:55:05.824633,2019-05-31 15:55:05.824633
144,Schloss Amalienborg,12.593002,55.68394,0,2019-05-31 15:55:05.835351,2019-05-31 15:55:05.835351
145,Börse,12.584026,55.675517,0,2019-05-31 15:55:05.844081,2019-05-31 15:55:05.844081
146,Vesterbro In Viertel,12.559064,55.668158,0,2019-05-31 15:55:05.850841,2019-05-31 15:55:05.850841
147,Absalon,12.579975,55.677967,0,2019-05-31 15:55:05.859543,2019-05-31 15:55:05.859543
148,"Knabrostræde, 3",12.574444,55.678012,0,2019-05-31 15:55:05.868026,2019-05-31 15:55:05.868026
149,Christianshavn,12.591194,55.672265,0,2019-05-31 15:55:05.878892,2019-05-31 15:55:05.878892
150,Kongens Nytorv,12.585111,55.679512,0,2019-05-31 15:55:05.8857,2019-05-31 15:55:05.8857
151,Kompagnistræde,12.575815,55.677288,0,2019-05-31 15:55:05.893044,2019-05-31 15:55:05.893044
152,Drachenspringbrunnen,12.568578,55.675706,0,2019-05-31 15:55:05.899082,2019-05-31 15:55:05.899082
153,Unbekannter Ort,12.572335,55.676764,0,2019-05-31 15:55:05.908677,2019-05-31 15:55:05.908677
154,Lurblæserne,12.570134,55.67602,0,2019-05-31 15:55:05.914998,2019-05-31 15:55:05.914998
155,Magstræde,12.575551,55.676396,0,2019-05-31 15:55:05.92134,2019-05-31 15:55:05.92134
156,Nyhavn,12.590382,55.680073,0,2019-05-31 15:55:05.928978,2019-05-31 15:55:05.928978
157,Marble Church,12.589576,55.684976,0,2019-05-31 15:55:05.934753,2019-05-31 15:55:05.934753
158,Runder Turm,12.575797,55.681369,0,2019-05-31 15:55:05.941286,2019-05-31 15:55:05.941286
159,Caroline Amalie,12.577944,55.686281,0,2019-05-31 15:55:05.947525,2019-05-31 15:55:05.947525
160,Weg,12.569574,55.683886,0,2019-05-31 15:55:05.955745,2019-05-31 15:55:05.955745
161,Hovedbanegården DGI byen (fjernbus),12.565451,55.669858,0,2019-05-31 15:55:05.961636,2019-05-31 15:55:05.961636
162,"Sankt Annæ Gade, 29",12.594048,55.672792,0,2019-05-31 15:55:05.969894,2019-05-31 15:55:05.969894
163,"Christianshavns Voldgade, 63",12.59761,55.672116,0,2019-05-31 15:55:05.976197,2019-05-31 15:55:05.976197
164,Mein Standort,12.602036,55.673349,0,2019-05-31 15:55:05.983415,2019-05-31 15:55:05.983415
165,"Nordområdet, 200",12.605461,55.674915,0,2019-05-31 15:55:05.989993,2019-05-31 15:55:05.989993
166,Bremerholm,12.58305,55.678779,0,2019-05-31 15:55:05.996812,2019-05-31 15:55:05.996812
167,Garten,12.576956,55.678881,0,2019-05-31 15:55:06.010244,2019-05-31 15:55:06.010244
168,Palmenhaus,12.572963,55.687508,0,2019-05-31 15:55:06.018034,2019-05-31 15:55:06.018034
169,Königsgarten,12.58138,55.683877,0,2019-05-31 15:55:06.025249,2019-05-31 15:55:06.025249
170,"Kiebitzstraße, 9",10.040301,53.564356,0,2019-05-31 15:55:06.032331,2019-05-31 15:55:06.032331
171,mindmatters,9.9600253,53.562581,0,2019-05-31 15:55:06.039387,2019-05-31 15:55:06.039387
172,IKEA Hamburg-Altona,9.9416508,53.551388,0,2019-05-31 15:55:06.047889,2019-05-31 15:55:06.047889
173,Gertigstraße,10.011671,53.58148,0,2019-05-31 15:55:06.05768,2019-05-31 15:55:06.05768
174,"Riesserstraße, 10",10.047033,53.562191,0,2019-05-31 15:55:06.065841,2019-05-31 15:55:06.065841
175,"ABC-Straße, 21",9.9854486,53.553878,0,2019-05-31 15:55:06.071731,2019-05-31 15:55:06.071731
176,Sternschanze (Messe),9.9691716,53.564227,0,2019-05-31 15:55:06.078421,2019-05-31 15:55:06.078421
177,Strandgut Resort,8.6050108,54.315115,0,2019-05-31 15:55:06.08481,2019-05-31 15:55:06.08481
178,"Lurup, 13a/b",9.7274402,53.456425,0,2019-05-31 15:55:06.09116,2019-05-31 15:55:06.09116
179,Arkadenhaus - Hotel Freiherr von Schwarzenberg,7.3946399,53.078644,0,2019-05-31 15:55:06.097759,2019-05-31 15:55:06.097759
180,Napoli,6.5585014,53.216688,0,2019-05-31 15:55:06.104185,2019-05-31 15:55:06.104185
181,"Zwanestraat, 26a",6.5636915,53.218156,0,2019-05-31 15:55:06.110848,2019-05-31 15:55:06.110848
182,Folkingestraat,6.564933,53.21539,0,2019-05-31 15:55:06.117417,2019-05-31 15:55:06.117417
183,Frietwinkel,6.5651346,53.214909,0,2019-05-31 15:55:06.124327,2019-05-31 15:55:06.124327
184,Unbekannter Ort,6.567687,53.218627,0,2019-05-31 15:55:06.13246,2019-05-31 15:55:06.13246
185,Albert Heijn,6.5637237,53.216829,0,2019-05-31 15:55:06.138925,2019-05-31 15:55:06.138925
186,Albert Heijn,6.5606418,53.216475,0,2019-05-31 15:55:06.145333,2019-05-31 15:55:06.145333
187,Oude Ebbingestraat,6.5654738,53.22183,0,2019-05-31 15:55:06.153265,2019-05-31 15:55:06.153265
188,Het Heerenhuis,6.5640429,53.222022,0,2019-05-31 15:55:06.15939,2019-05-31 15:55:06.15939
189,Wald,6.558704,53.226972,0,2019-05-31 15:55:06.165782,2019-05-31 15:55:06.165782
190,Noorderplantsoen,6.557334,53.226138,0,2019-05-31 15:55:06.171706,2019-05-31 15:55:06.171706
191,Springbrunnen,6.5553472,53.223512,0,2019-05-31 15:55:06.178501,2019-05-31 15:55:06.178501
192,Student Hotel,6.56584,53.22368,0,2019-05-31 15:55:06.186111,2019-05-31 15:55:06.186111
193,Parkbank,6.5579757,53.21871,0,2019-05-31 15:55:06.1922,2019-05-31 15:55:06.1922
194,Lopende Diep,6.5614096,53.220707,0,2019-05-31 15:55:06.199426,2019-05-31 15:55:06.199426
195,Noorderhaven,6.5574524,53.219305,0,2019-05-31 15:55:06.206292,2019-05-31 15:55:06.206292
196,Violenstraat,6.5596169,53.224076,0,2019-05-31 15:55:06.21362,2019-05-31 15:55:06.21362
197,Unbekannter Ort,0.11038078,52.21658,0,2019-05-31 15:55:06.22096,2019-05-31 15:55:06.22096
198,King's College Chapel,0.11654215,52.204783,0,2019-05-31 15:55:06.227481,2019-05-31 15:55:06.227481
199,Sir Isaac Newton,0.11209102,52.213454,0,2019-05-31 15:55:06.234345,2019-05-31 15:55:06.234345
200,Park,0.1144916,52.212271,0,2019-05-31 15:55:06.240173,2019-05-31 15:55:06.240173
201,Fluss,0.11653679,52.209836,0,2019-05-31 15:55:06.246396,2019-05-31 15:55:06.246396
202,Round Church Corner,0.11859806,52.20844,0,2019-05-31 15:55:06.254662,2019-05-31 15:55:06.254662
203,Weg,0.11430686,52.199168,0,2019-05-31 15:55:06.261503,2019-05-31 15:55:06.261503
204,Tatties,0.12123199,52.206913,0,2019-05-31 15:55:06.273643,2019-05-31 15:55:06.273643
205,Cambridge Rules,0.13053121,52.202437,0,2019-05-31 15:55:06.282059,2019-05-31 15:55:06.282059
206,Straße,0.1250072,52.201881,0,2019-05-31 15:55:06.290091,2019-05-31 15:55:06.290091
207,Anglia Ruskin University (Cambridge Campus),0.13299951,52.204207,0,2019-05-31 15:55:06.297368,2019-05-31 15:55:06.297368
208,Weg,0.131531,52.206719,0,2019-05-31 15:55:06.30487,2019-05-31 15:55:06.30487
209,Orchard Street,0.12841294,52.205449,0,2019-05-31 15:55:06.312128,2019-05-31 15:55:06.312128
210,The Regal,0.12374522,52.20294,0,2019-05-31 15:55:06.319988,2019-05-31 15:55:06.319988
211,Downing Street,0.12151396,52.203043,0,2019-05-31 15:55:06.327598,2019-05-31 15:55:06.327598
212,Unbekannter Ort,0.13571827,52.187594,0,2019-05-31 15:55:06.34467,2019-05-31 15:55:06.34467
213,John Lewis,0.12264552,52.203691,0,2019-05-31 15:55:06.352179,2019-05-31 15:55:06.352179
214,Marks & Spencer,0.11982517,52.205575,0,2019-05-31 15:55:06.360577,2019-05-31 15:55:06.360577
215,Corpus Clock,0.11764588,52.203755,0,2019-05-31 15:55:06.36775,2019-05-31 15:55:06.36775
216,River Cam,0.11598324,52.209398,0,2019-05-31 15:55:06.375961,2019-05-31 15:55:06.375961
217,Bahnhof,0.13726624,52.194042,0,2019-05-31 15:55:06.385741,2019-05-31 15:55:06.385741
218,Hotel Motel One Staatsoper,16.367788,48.201734,0,2019-05-31 15:55:06.392755,2019-05-31 15:55:06.392755
219,ARCOTEL Wimberger,16.338375,48.200634,0,2019-05-31 15:55:06.405033,2019-05-31 15:55:06.405033
220,Motel One Wien Westbahnhof,16.337954,48.197336,0,2019-05-31 15:55:06.413151,2019-05-31 15:55:06.413151
221,Schloss Schönbrunn,16.312303,48.18496,0,2019-05-31 15:55:06.421692,2019-05-31 15:55:06.421692
222,Oberes Belvedere,16.380902,48.191537,0,2019-05-31 15:55:06.431359,2019-05-31 15:55:06.431359
223,Zentralfriedhof 2. Tor,16.441583,48.154658,0,2019-05-31 15:55:06.439303,2019-05-31 15:55:06.439303
224,Eis-Greissler,16.356683,48.200362,0,2019-05-31 15:55:06.45046,2019-05-31 15:55:06.45046
225,Prater Dome,16.397405,48.217408,0,2019-05-31 15:55:06.457506,2019-05-31 15:55:06.457506
226,Karlskirche,16.371807,48.19828,0,2019-05-31 15:55:06.46533,2019-05-31 15:55:06.46533
227,Schönbrunn,16.315387,48.184661,0,2019-05-31 15:55:06.471861,2019-05-31 15:55:06.471861
228,Sybillengrotte,16.316056,48.180014,0,2019-05-31 15:55:06.482206,2019-05-31 15:55:06.482206
229,Najadenbassin,16.314168,48.182306,0,2019-05-31 15:55:06.490013,2019-05-31 15:55:06.490013
230,Römische Ruine,16.313465,48.180781,0,2019-05-31 15:55:06.49778,2019-05-31 15:55:06.49778
231,Neptunbrunnen,16.310426,48.181444,0,2019-05-31 15:55:06.508561,2019-05-31 15:55:06.508561
232,Schönbrunn,16.309287,48.179393,0,2019-05-31 15:55:06.514464,2019-05-31 15:55:06.514464
233,Straße,16.30788,48.178496,0,2019-05-31 15:55:06.521383,2019-05-31 15:55:06.521383
234,Najadenbassin,16.308315,48.183715,0,2019-05-31 15:55:06.527698,2019-05-31 15:55:06.527698
235,Grasdecke,16.306259,48.184208,0,2019-05-31 15:55:06.534951,2019-05-31 15:55:06.534951
236,Kammergarten,16.310578,48.185449,0,2019-05-31 15:55:06.540987,2019-05-31 15:55:06.540987
237,Palmenhaus,16.302904,48.184216,0,2019-05-31 15:55:06.546731,2019-05-31 15:55:06.546731
238,Aequatorial-Sonnenuhr,16.303527,48.185357,0,2019-05-31 15:55:06.553897,2019-05-31 15:55:06.553897
239,Billa Corso,16.37205,48.2023,0,2019-05-31 15:55:06.56049,2019-05-31 15:55:06.56049
240,Albertina,16.36826,48.204637,0,2019-05-31 15:55:06.567284,2019-05-31 15:55:06.567284
241,La Cure Gourmande,16.370113,48.205407,0,2019-05-31 15:55:06.574749,2019-05-31 15:55:06.574749
242,Pestsäule,16.369794,48.208712,0,2019-05-31 15:55:06.581119,2019-05-31 15:55:06.581119
243,Franz Joseph I,16.365961,48.203825,0,2019-05-31 15:55:06.587499,2019-05-31 15:55:06.587499
244,Augustinerbastei,16.367087,48.205258,0,2019-05-31 15:55:06.594537,2019-05-31 15:55:06.594537
245,Burgtor,16.362694,48.205651,0,2019-05-31 15:55:06.601674,2019-05-31 15:55:06.601674
246,Eingang,16.364719,48.205563,0,2019-05-31 15:55:06.608955,2019-05-31 15:55:06.608955
247,Kaiser Franz II./I.,16.365036,48.20756,0,2019-05-31 15:55:06.619669,2019-05-31 15:55:06.619669
248,Michaelerplatz,16.366544,48.207739,0,2019-05-31 15:55:06.631734,2019-05-31 15:55:06.631734
249,Stallburggasse,16.368264,48.207278,0,2019-05-31 15:55:06.638154,2019-05-31 15:55:06.638154
250,Michaeler Durchgang,16.367294,48.207775,0,2019-05-31 15:55:06.643807,2019-05-31 15:55:06.643807
251,Stallburggasse,16.368876,48.207005,0,2019-05-31 15:55:06.649391,2019-05-31 15:55:06.649391
252,Neuer Markt,16.370706,48.206141,0,2019-05-31 15:55:06.6566,2019-05-31 15:55:06.6566
253,Unbekannter Ort,16.370057,48.204748,0,2019-05-31 15:55:06.662382,2019-05-31 15:55:06.662382
254,Stephansplatz,16.373192,48.208023,0,2019-05-31 15:55:06.669762,2019-05-31 15:55:06.669762
255,Frauenhuber,16.372294,48.205727,0,2019-05-31 15:55:06.677214,2019-05-31 15:55:06.677214
256,Mozarthaus Vienna,16.374936,48.20821,0,2019-05-31 15:55:06.685143,2019-05-31 15:55:06.685143
257,Figlmüller,16.374842,48.20942,0,2019-05-31 15:55:06.691975,2019-05-31 15:55:06.691975
258,Vermählungsbrunnen,16.372982,48.210882,0,2019-05-31 15:55:06.699548,2019-05-31 15:55:06.699548
259,Ankeruhr,16.373675,48.21076,0,2019-05-31 15:55:06.705286,2019-05-31 15:55:06.705286
260,Ruprechtsstiege,16.374244,48.212158,0,2019-05-31 15:55:06.711906,2019-05-31 15:55:06.711906
261,Unbekannter Ort,16.358657,48.20296,0,2019-05-31 15:55:06.719162,2019-05-31 15:55:06.719162
262,Lichtenfelsgasse,16.357748,48.209929,0,2019-05-31 15:55:06.725707,2019-05-31 15:55:06.725707
263,Rathaus,16.357349,48.211054,0,2019-05-31 15:55:06.738967,2019-05-31 15:55:06.738967
264,Votivkirche,16.359166,48.215415,0,2019-05-31 15:55:06.748456,2019-05-31 15:55:06.748456
265,Schottentor,16.361965,48.213964,0,2019-05-31 15:55:06.757051,2019-05-31 15:55:06.757051
266,Minoritenkirche,16.363813,48.209499,0,2019-05-31 15:55:06.766602,2019-05-31 15:55:06.766602
267,Gutenberg,16.37463,48.209772,0,2019-05-31 15:55:06.775117,2019-05-31 15:55:06.775117
268,Tata,16.343103,48.200278,0,2019-05-31 15:55:06.781574,2019-05-31 15:55:06.781574
269,The Loft,16.338149,48.208906,0,2019-05-31 15:55:06.787226,2019-05-31 15:55:06.787226
270,Cafe Eiles,16.354851,48.209315,0,2019-05-31 15:55:06.793128,2019-05-31 15:55:06.793128
271,Der Fuchs und die Trauben,16.343409,48.202896,0,2019-05-31 15:55:06.800266,2019-05-31 15:55:06.800266
272,Maria-Theresien-Platz,16.361606,48.204968,0,2019-05-31 15:55:06.807021,2019-05-31 15:55:06.807021
273,Naschmarkt,16.365581,48.19971,0,2019-05-31 15:55:06.81433,2019-05-31 15:55:06.81433
274,Hochstrahlbrunnen,16.376111,48.198381,0,2019-05-31 15:55:06.821735,2019-05-31 15:55:06.821735
275,Unteres Belvedere,16.379847,48.196644,0,2019-05-31 15:55:06.828632,2019-05-31 15:55:06.828632
276,Reitertor,16.383229,48.191913,0,2019-05-31 15:55:06.835057,2019-05-31 15:55:06.835057
277,Cafe Tirolerhof,16.369448,48.205027,0,2019-05-31 15:55:06.840889,2019-05-31 15:55:06.840889
278,BREPARKhaus Am Dom,8.810798,53.075578,0,2019-05-31 15:55:06.847791,2019-05-31 15:55:06.847791
279,Deutsche Bank,8.8090545,53.076818,0,2019-05-31 15:55:06.854439,2019-05-31 15:55:06.854439
280,Unbekannter Ort,8.8478121,53.048138,0,2019-05-31 15:55:06.861619,2019-05-31 15:55:06.861619
281,مسقط,58.545131,23.599785,0,2019-05-31 15:55:06.867951,2019-05-31 15:55:06.867951
282,Armani Hotel Dubai,55.27456,25.197077,0,2019-05-31 15:55:06.874759,2019-05-31 15:55:06.874759
283,Abu Dhabi Cruise Terminal,54.38165,24.529823,0,2019-05-31 15:55:06.882132,2019-05-31 15:55:06.882132
284,Emirates Palace Hotel,54.31765,24.461075,0,2019-05-31 15:55:06.889276,2019-05-31 15:55:06.889276
285,Grasdecke,54.316612,24.472676,0,2019-05-31 15:55:06.895834,2019-05-31 15:55:06.895834
286,Unbekannter Ort,54.323514,24.465156,0,2019-05-31 15:55:06.901274,2019-05-31 15:55:06.901274
287,"Etihad Towers, Building 4",54.321904,24.459573,0,2019-05-31 15:55:06.906916,2019-05-31 15:55:06.906916
288,Gebäude,50.709157,26.193701,0,2019-05-31 15:55:06.912488,2019-05-31 15:55:06.912488
289,الخاتم,54.993677,24.19001,0,2019-05-31 15:55:06.917903,2019-05-31 15:55:06.917903
290,Cruise Terminal,55.28214,25.27376,0,2019-05-31 15:55:06.923545,2019-05-31 15:55:06.923545
291,شارع 92,50.544952,26.077837,0,2019-05-31 15:55:06.92934,2019-05-31 15:55:06.92934
292,Oil Museum,50.552404,26.027452,0,2019-05-31 15:55:06.936121,2019-05-31 15:55:06.936121
293,Unbekannter Ort,50.586842,26.244224,0,2019-05-31 15:55:06.941725,2019-05-31 15:55:06.941725
294,شارع الملك فيصل,50.574418,26.236767,0,2019-05-31 15:55:06.948708,2019-05-31 15:55:06.948708
295,Unbekannter Ort,50.576088,26.24297,0,2019-05-31 15:55:06.954471,2019-05-31 15:55:06.954471
296,Unbekannter Ort,50.628484,26.219553,0,2019-05-31 15:55:06.960166,2019-05-31 15:55:06.960166
297,Tree of Life,50.582934,25.994075,0,2019-05-31 15:55:06.9665,2019-05-31 15:55:06.9665
298,صرح الميثاق الوطني,50.52664,26.071253,0,2019-05-31 15:55:06.973244,2019-05-31 15:55:06.973244
299,شارع خليج البحرين,50.494521,26.025969,0,2019-05-31 15:55:06.980044,2019-05-31 15:55:06.980044
300,Unbekannter Ort,50.479351,25.990772,0,2019-05-31 15:55:06.986159,2019-05-31 15:55:06.986159
301,Unbekannter Ort,50.517548,26.029591,0,2019-05-31 15:55:06.991816,2019-05-31 15:55:06.991816
302,Golden photo frame,55.300363,25.235493,0,2019-05-31 15:55:06.998092,2019-05-31 15:55:06.998092
303,سوق الذهب,55.298538,25.27027,0,2019-05-31 15:55:07.004954,2019-05-31 15:55:07.004954
304,Mein Standort,55.296778,25.268015,0,2019-05-31 15:55:07.012253,2019-05-31 15:55:07.012253
305,Mein Standort,55.297437,25.267717,0,2019-05-31 15:55:07.019648,2019-05-31 15:55:07.019648
306,Gebäude,9.7203726,53.576092,0,2019-05-31 15:55:07.025664,2019-05-31 15:55:07.025664
307,Großneumarkt,9.9799809,53.550145,0,2019-05-31 15:55:07.031523,2019-05-31 15:55:07.031523
308,"Schlesierweg, 1a",9.6708148,53.465461,0,2019-05-31 15:55:07.062297,2019-05-31 15:55:07.062297
309,Unbekannter Ort,9.7234638,53.515534,0,2019-05-31 15:55:07.067828,2019-05-31 15:55:07.067828
310,Gebäude,9.7890774,53.472276,0,2019-05-31 15:55:07.073409,2019-05-31 15:55:07.073409
311,2 Löwen,9.9816305,53.46315,0,2019-05-31 15:55:07.07948,2019-05-31 15:55:07.07948
312,"Hinter der Twiete, 47",10.023383,53.696044,0,2019-05-31 15:55:07.085726,2019-05-31 15:55:07.085726
313,Gewandhaus Hotel,13.741843,51.048564,0,2019-05-31 15:55:07.092034,2019-05-31 15:55:07.092034
314,Dresden Hauptbahnhof,13.732145,51.039275,0,2019-05-31 15:55:07.0982,2019-05-31 15:55:07.0982
315,Frauenkirche,13.741615,51.051953,0,2019-05-31 15:55:07.10351,2019-05-31 15:55:07.10351
316,Zwinger,13.734471,51.053312,0,2019-05-31 15:55:07.109041,2019-05-31 15:55:07.109041
317,Schloss Moritzburg,13.679469,51.167539,0,2019-05-31 15:55:07.114576,2019-05-31 15:55:07.114576
318,Semperoper,13.735185,51.054539,0,2019-05-31 15:55:07.12004,2019-05-31 15:55:07.12004
319,Turm Kreuzkirche,13.738904,51.048747,0,2019-05-31 15:55:07.125596,2019-05-31 15:55:07.125596
320,Palais im Großen Garten,13.762856,51.03785,0,2019-05-31 15:55:07.132028,2019-05-31 15:55:07.132028
321,burgerei,13.740446,51.050687,0,2019-05-31 15:55:07.137277,2019-05-31 15:55:07.137277
322,Kunsthofpassage,13.753868,51.068039,0,2019-05-31 15:55:07.143086,2019-05-31 15:55:07.143086
323,Schloss Pillnitz,13.871004,51.008354,0,2019-05-31 15:55:07.148571,2019-05-31 15:55:07.148571
324,Hochschule für Bildende Künste Dresden,13.742454,51.052825,0,2019-05-31 15:55:07.154164,2019-05-31 15:55:07.154164
325,Kathedrale Ss. Trinitatis,13.737352,51.053501,0,2019-05-31 15:55:07.160357,2019-05-31 15:55:07.160357
326,Parkbank,13.737699,51.057906,0,2019-05-31 15:55:07.16881,2019-05-31 15:55:07.16881
327,Japanisches Palais,13.737562,51.059777,0,2019-05-31 15:55:07.176106,2019-05-31 15:55:07.176106
328,Dreikönigskirche,13.7433,51.06091,0,2019-05-31 15:55:07.181607,2019-05-31 15:55:07.181607
329,Decathlon,13.733545,51.04121,0,2019-05-31 15:55:07.187008,2019-05-31 15:55:07.187008
330,Primark,13.734199,51.04599,0,2019-05-31 15:55:07.193526,2019-05-31 15:55:07.193526
331,Portobello Road,-0.20173145,51.512595,0,2019-05-31 15:55:07.199354,2019-05-31 15:55:07.199354
332,Primrose Hill,-0.16075702,51.539539,0,2019-05-31 15:55:07.205738,2019-05-31 15:55:07.205738
333,Camden Market,-0.14712336,51.542355,0,2019-05-31 15:55:07.212511,2019-05-31 15:55:07.212511
334,Big Ben,-0.12458475,51.50069,0,2019-05-31 15:55:07.220401,2019-05-31 15:55:07.220401
335,Highgate Cemetery,-0.14455916,51.565136,0,2019-05-31 15:55:07.226592,2019-05-31 15:55:07.226592
336,Bermondsey Square,-0.080914367,51.497486,0,2019-05-31 15:55:07.233136,2019-05-31 15:55:07.233136
337,Leicester Square,-0.13011815,51.510421,0,2019-05-31 15:55:07.240424,2019-05-31 15:55:07.240424
338,highway-cycleway,-0.11910534,51.511336,0,2019-05-31 15:55:07.247176,2019-05-31 15:55:07.247176
339,Royal Courts of Justice,-0.11306332,51.514198,0,2019-05-31 15:55:07.254701,2019-05-31 15:55:07.254701
340,Fleet Street,-0.1067427,51.514191,0,2019-05-31 15:55:07.26167,2019-05-31 15:55:07.26167
341,Leadenhall Market,-0.083569754,51.512675,0,2019-05-31 15:55:07.268478,2019-05-31 15:55:07.268478
342,30 St Mary Axe,-0.080320258,51.514471,0,2019-05-31 15:55:07.275571,2019-05-31 15:55:07.275571
343,Post Office Railway,-0.077129435,51.518024,0,2019-05-31 15:55:07.2837,2019-05-31 15:55:07.2837
344,Catherine Wheel Alley,-0.07914478,51.517658,0,2019-05-31 15:55:07.292,2019-05-31 15:55:07.292
345,barrier-wall,-0.1391696,51.484809,0,2019-05-31 15:55:07.298577,2019-05-31 15:55:07.298577
346,Apollo Victoria Theatre,-0.1425636,51.495584,0,2019-05-31 15:55:07.305709,2019-05-31 15:55:07.305709
347,Garten,-0.12096746,51.495412,0,2019-05-31 15:55:07.31149,2019-05-31 15:55:07.31149
348,The Shard,-0.086446423,51.504349,0,2019-05-31 15:55:07.322035,2019-05-31 15:55:07.322035
349,Good Hotel London,0.019737203,51.507767,0,2019-05-31 15:55:07.329001,2019-05-31 15:55:07.329001
350,British Museum,-0.12656489,51.518987,0,2019-05-31 15:55:07.335262,2019-05-31 15:55:07.335262
351,Lamp Office Court,-0.11859002,51.522028,0,2019-05-31 15:55:07.341313,2019-05-31 15:55:07.341313
352,Book & Comic Exchange,-0.1969883,51.509497,0,2019-05-31 15:55:07.348419,2019-05-31 15:55:07.348419
353,Gebäude,-0.13349371,51.511861,0,2019-05-31 15:55:07.355785,2019-05-31 15:55:07.355785
354,Vue Leicester Square,-0.12936713,51.511244,0,2019-05-31 15:55:07.364923,2019-05-31 15:55:07.364923
355,Borough Market,-0.090402681,51.505647,0,2019-05-31 15:55:07.371524,2019-05-31 15:55:07.371524
356,Golden Hinde,-0.090304781,51.506911,0,2019-05-31 15:55:07.378141,2019-05-31 15:55:07.378141
357,Millennium Bridge,-0.098543186,51.509411,0,2019-05-31 15:55:07.385808,2019-05-31 15:55:07.385808
358,Stratford City Bus Station,-0.0042662211,51.543791,0,2019-05-31 15:55:07.393583,2019-05-31 15:55:07.393583
359,Ally's Kitchen,-0.13461353,51.566088,0,2019-05-31 15:55:07.401305,2019-05-31 15:55:07.401305
360,Emirates Air Line Greenwich Peninsula Terminal,0.0082010217,51.499701,0,2019-05-31 15:55:07.409225,2019-05-31 15:55:07.409225
361,landuse-grass,16.306259,48.184208,0,2019-05-31 15:55:18.770649,2019-05-31 15:55:18.770649
362,landuse-grass,54.316612,24.472676,0,2019-05-31 15:55:18.883765,2019-05-31 15:55:18.883765
363,McDreams Hotel Leipzig,12.336731,51.329291,0,2019-07-28 13:50:33.615274,2019-07-28 13:50:33.615274
364,Hauptbahnhof,12.380174,51.343918,0,2019-07-28 13:50:33.629009,2019-07-28 13:50:33.629009
365,Karl-Liebknecht-Straße,12.373659,51.321965,0,2019-07-28 13:50:33.637566,2019-07-28 13:50:33.637566
366,Parkbank,12.360449,51.330098,0,2019-07-28 13:50:33.650769,2019-07-28 13:50:33.650769
367,Kaiserbad,12.330799,51.32991,0,2019-07-28 13:50:33.675973,2019-07-28 13:50:33.675973
368,Il Buon Gelato,12.332801,51.33132,0,2019-07-28 13:50:33.700905,2019-07-28 13:50:33.700905
369,Café Oink,12.336827,51.328233,0,2019-07-28 13:50:33.715509,2019-07-28 13:50:33.715509
370,Lidl,12.334841,51.325131,0,2019-07-28 13:50:33.727529,2019-07-28 13:50:33.727529
371,Pepelow,11.595497,54.037858,0,2019-07-28 13:50:33.736979,2019-07-28 13:50:33.736979
372,Blåvand-Oksby,8.1347391,55.555888,0,2019-07-28 13:50:33.746574,2019-07-28 13:50:33.746574
373,Trollön,11.823204,59.307026,0,2019-07-28 13:50:33.758154,2019-07-28 13:50:33.758154
374,Lennartsfors,11.902666,59.318779,0,2019-07-28 13:50:33.771101,2019-07-28 13:50:33.771101
375,Düsseldorf,6.7763129,51.225403,0,2019-07-28 13:50:33.782301,2019-07-28 13:50:33.782301
376,Wolfsburg,10.786151,52.420551,0,2019-07-28 13:50:33.79177,2019-07-28 13:50:33.79177
377,Howe,10.14737,53.421612,0,2019-07-28 13:50:33.809529,2019-07-28 13:50:33.809529
378,Stöckte,10.180406,53.390893,0,2019-07-28 13:50:33.821432,2019-07-28 13:50:33.821432
379,Laßrönne,10.228337,53.389036,0,2019-07-28 13:50:33.83515,2019-07-28 13:50:33.83515
380,Drage,10.264673,53.414048,0,2019-07-28 13:50:33.843902,2019-07-28 13:50:33.843902
381,Geesthacht,10.368255,53.439712,0,2019-07-28 13:50:33.85256,2019-07-28 13:50:33.85256
382,Tespe,10.415757,53.393575,0,2019-07-28 13:50:33.861714,2019-07-28 13:50:33.861714
383,Lauenburg/Elbe,10.551388,53.378981,0,2019-07-28 13:50:33.871501,2019-07-28 13:50:33.871501
384,Radegast,10.725608,53.344636,0,2019-07-28 13:50:33.880881,2019-07-28 13:50:33.880881
385,Bleckede,10.731246,53.287562,0,2019-07-28 13:50:33.892076,2019-07-28 13:50:33.892076
386,Darchau,10.894644,53.238127,0,2019-07-28 13:50:33.905786,2019-07-28 13:50:33.905786
387,Glienitz,10.945058,53.207288,0,2019-07-28 13:50:33.914497,2019-07-28 13:50:33.914497
388,Hitzacker (Elbe),11.044161,53.150907,0,2019-07-28 13:50:33.932827,2019-07-28 13:50:33.932827
389,Festung Dömitz,11.245597,53.142328,0,2019-07-28 13:50:33.949915,2019-07-28 13:50:33.949915
390,Laase,11.306556,53.066105,0,2019-07-28 13:50:33.959134,2019-07-28 13:50:33.959134
391,Gorleben,11.356837,53.0483,0,2019-07-28 13:50:33.967796,2019-07-28 13:50:33.967796
392,Schnackenburg,11.565743,53.036982,0,2019-07-28 13:50:33.976513,2019-07-28 13:50:33.976513
393,Wittenberge,11.750722,52.998372,0,2019-07-28 13:50:33.983792,2019-07-28 13:50:33.983792
394,Arneburg,12.003501,52.674454,0,2019-07-28 13:50:33.994417,2019-07-28 13:50:33.994417
395,Tangermünde,11.972253,52.543111,0,2019-07-28 13:50:34.011073,2019-07-28 13:50:34.011073
396,Rogätz,11.7684,52.317633,0,2019-07-28 13:50:34.033454,2019-07-28 13:50:34.033454
397,Fluss,12.337333,51.321365,0,2019-07-28 13:50:34.044201,2019-07-28 13:50:34.044201
398,Brasserie Rennbahn,12.357743,51.325935,0,2019-07-28 13:50:34.064295,2019-07-28 13:50:34.064295
399,Rennbahn,12.359795,51.321093,0,2019-07-28 13:50:34.075263,2019-07-28 13:50:34.075263
400,"Rödelstraße, 3",12.347781,51.320484,0,2019-07-28 13:50:34.086475,2019-07-28 13:50:34.086475
401,Puerto Turístico,-68.958971,18.416693,0,2020-05-05 14:58:16.857554,2020-05-05 14:58:16.857554
402,Barbuda Express,-61.846353,17.122055,0,2020-05-05 14:58:16.874823,2020-05-05 14:58:16.874823
403,Roseau,-61.389643,15.29747,0,2020-05-05 14:58:16.89015,2020-05-05 14:58:16.89015
404,Oranjestad,-70.035683,12.526854,0,2020-05-05 14:58:16.915477,2020-05-05 14:58:16.915477
405,Spry Street,-59.613218,13.098216,0,2020-05-05 14:58:16.946465,2020-05-05 14:58:16.946465
406,Cascade de Saut Gendarme,-61.105106,14.724945,0,2020-05-05 14:58:16.959189,2020-05-05 14:58:16.959189
407,Forêt de Fonds-Saint-Denis,-61.091104,14.705881,0,2020-05-05 14:58:16.983143,2020-05-05 14:58:16.983143
408,Forêt de Fonds-Saint-Denis,-61.092626,14.70495,0,2020-05-05 14:58:17.007792,2020-05-05 14:58:17.007792
409,Forêt de Fonds-Saint-Denis,-61.087761,14.702527,0,2020-05-05 14:58:17.029792,2020-05-05 14:58:17.029792
410,Notre Dame de la Délivrance,-61.135402,14.77561,0,2020-05-05 14:58:17.056891,2020-05-05 14:58:17.056891
411,Église du Sacré-Coeur de Balata,-61.07892,14.649157,0,2020-05-05 14:58:17.109878,2020-05-05 14:58:17.109878
412,Distillerie Depaz,-61.165037,14.757865,0,2020-05-05 14:58:17.155055,2020-05-05 14:58:17.155055
413,La Guingette,-61.17855,14.733879,0,2020-05-05 14:58:17.181386,2020-05-05 14:58:17.181386
414,Plage de l'Anse Turin,-61.180292,14.727916,0,2020-05-05 14:58:17.204291,2020-05-05 14:58:17.204291
415,Unknown Place,-59.628844,13.102707,0,2020-05-05 14:58:17.223571,2020-05-05 14:58:17.223571
416,Browns Beach,-59.609742,13.089233,0,2020-05-05 14:58:17.249663,2020-05-05 14:58:17.249663
417,Independence Arch,-59.614109,13.095677,0,2020-05-05 14:58:17.258486,2020-05-05 14:58:17.258486
418,Unknown Place,-61.764507,17.005006,0,2020-05-05 14:58:17.27198,2020-05-05 14:58:17.27198
419,Fort James Beach,-61.860465,17.135215,0,2020-05-05 14:58:17.28596,2020-05-05 14:58:17.28596
420,Swetes,-61.803969,17.051393,0,2020-05-05 14:58:17.302574,2020-05-05 14:58:17.302574
421,Unknown Place,-61.75481,17.003108,0,2020-05-05 14:58:17.318216,2020-05-05 14:58:17.318216
422,Roseau Cruise Ship Berth,-61.388461,15.295648,0,2020-05-05 14:58:17.330289,2020-05-05 14:58:17.330289
423,Bethesda Methodist Church,-61.385998,15.297432,0,2020-05-05 14:58:17.342024,2020-05-05 14:58:17.342024
424,Our Lady of Fair Haven,-61.385473,15.297405,0,2020-05-05 14:58:17.355805,2020-05-05 14:58:17.355805
425,Botanical Gardens,-61.382617,15.299613,0,2020-05-05 14:58:17.363156,2020-05-05 14:58:17.363156
426,Cruiseterminal,-60.995755,14.014015,0,2020-05-05 14:58:17.378512,2020-05-05 14:58:17.378512
427,Central Library,-60.991392,14.009099,0,2020-05-05 14:58:17.393442,2020-05-05 14:58:17.393442
428,Unknown Place,-61.062754,13.828814,0,2020-05-05 14:58:17.400134,2020-05-05 14:58:17.400134
429,Saint Peter's Street,-61.728602,12.162643,0,2020-05-05 14:58:17.40798,2020-05-05 14:58:17.40798
430,Farmland,-61.729178,12.157528,0,2020-05-05 14:58:17.415505,2020-05-05 14:58:17.415505
431,Street,-61.682443,12.128389,0,2020-05-05 14:58:17.423281,2020-05-05 14:58:17.423281
432,View Crater Lake,-61.694192,12.094073,0,2020-05-05 14:58:17.431811,2020-05-05 14:58:17.431811
433,Fort Frederick,-61.737237,12.048001,0,2020-05-05 14:58:17.462558,2020-05-05 14:58:17.462558
434,Cruise Ship Pier,-61.756859,12.051743,0,2020-05-05 14:58:17.47237,2020-05-05 14:58:17.47237
435,Unknown Place,-61.753491,12.050978,0,2020-05-05 14:58:17.4845,2020-05-05 14:58:17.4845
436,Parking,-61.754497,12.054805,0,2020-05-05 14:58:17.497022,2020-05-05 14:58:17.497022
437,man_made-pier,-68.944964,12.105514,0,2020-05-05 14:58:17.504384,2020-05-05 14:58:17.504384
438,Wilhelminaplein,-68.933765,12.104214,0,2020-05-05 14:58:17.512096,2020-05-05 14:58:17.512096
439,Fort plein,-68.934724,12.104901,0,2020-05-05 14:58:17.519098,2020-05-05 14:58:17.519098
440,Unknown Place,-68.936166,12.106499,0,2020-05-05 14:58:17.542806,2020-05-05 14:58:17.542806
441,Plaza JoJo Correa,-68.933171,12.106512,0,2020-05-05 14:58:17.549677,2020-05-05 14:58:17.549677
442,Columbusstraat,-68.933009,12.10438,0,2020-05-05 14:58:17.557519,2020-05-05 14:58:17.557519
443,Estacionamento,-68.932326,12.103418,0,2020-05-05 14:58:17.565897,2020-05-05 14:58:17.565897
444,Streetart SKALO,-68.932162,12.10752,0,2020-05-05 14:58:17.574435,2020-05-05 14:58:17.574435
445,"Dunckersweg, 12",10.07979,53.552601,0,2020-05-05 14:58:17.582637,2020-05-05 14:58:17.582637
446,Cruise Ship Terminal,-70.042538,12.519585,0,2020-05-05 14:58:17.590761,2020-05-05 14:58:17.590761
447,Arubus Terminal,-70.040325,12.520915,0,2020-05-05 14:58:17.599915,2020-05-05 14:58:17.599915
448,Arashi Beach,-70.053361,12.609938,0,2020-05-05 14:58:17.615175,2020-05-05 14:58:17.615175
449,Great Snorkel spot,-70.052491,12.606154,0,2020-05-05 14:58:17.625356,2020-05-05 14:58:17.625356
450,Pelicans spot,-70.052818,12.606662,0,2020-05-05 14:58:17.634611,2020-05-05 14:58:17.634611
451,Unknown Place,-70.038033,12.51843,0,2020-05-05 14:58:17.66267,2020-05-05 14:58:17.66267
452,man_made-pier,-68.277506,12.14752,0,2020-05-05 14:58:17.672173,2020-05-05 14:58:17.672173
453,Plaza Wilhelmina,-68.276855,12.149835,0,2020-05-05 14:58:17.679582,2020-05-05 14:58:17.679582
454,Unknown Place,-68.279406,12.134821,0,2020-05-05 14:58:17.693437,2020-05-05 14:58:17.693437
455,Street,-68.287896,12.104544,0,2020-05-05 14:58:17.701819,2020-05-05 14:58:17.701819
456,Unknown Place,-68.22822,12.040852,0,2020-05-05 14:58:17.711087,2020-05-05 14:58:17.711087
457,Willemstoren Lighthouse,-68.237285,12.028307,0,2020-05-05 14:58:17.721134,2020-05-05 14:58:17.721134
458,Coco's Beach,-68.286954,12.165878,0,2020-05-05 14:58:17.729022,2020-05-05 14:58:17.729022
459,man_made-pier,-61.073147,14.599256,0,2020-05-05 14:58:17.73533,2020-05-05 14:58:17.73533
460,Parking,-68.362371,18.562074,0,2020-05-05 14:58:17.742745,2020-05-05 14:58:17.742745
461,Building,-68.445682,18.709922,0,2020-05-05 14:58:17.750068,2020-05-05 14:58:17.750068
462,"Hammer Landstraße, 30c",10.045644,53.554836,0,2020-05-05 14:58:17.762105,2020-05-05 14:58:17.762105
463,Building,10.0615,53.573579,0,2020-05-05 14:58:17.771354,2020-05-05 14:58:17.771354
464,"Dithmarscher Straße, 27",10.060115,53.578241,0,2020-05-05 14:58:17.778263,2020-05-05 14:58:17.778263
465,"Kümmellstraße, 1",9.9864115,53.590049,0,2020-05-05 14:58:17.790188,2020-05-05 14:58:17.790188
466,Unknown Place,9.7235192,53.515491,0,2020-05-05 14:58:17.797971,2020-05-05 14:58:17.797971
467,Hamburg Messe (Eingang Ost),9.9818048,53.560014,0,2020-05-05 14:58:17.811577,2020-05-05 14:58:17.811577
500,Flussufer,0.11653679,52.209836,0,2020-05-29 13:38:49.960042,2020-05-29 13:38:49.960042
501,Fußweg,0.131531,52.206719,0,2020-05-29 13:38:50.022524,2020-05-29 13:38:50.022524
502,Fußgängerzone,16.30788,48.178496,0,2020-05-29 13:38:50.229398,2020-05-29 13:38:50.229398
503,Wiese,16.306259,48.184208,0,2020-05-29 13:38:50.282714,2020-05-29 13:38:50.282714
504,Wiese,54.316612,24.472676,0,2020-05-29 13:38:50.85237,2020-05-29 13:38:50.85237
505,Wall,-0.1391696,51.484809,0,2020-05-29 13:38:51.582842,2020-05-29 13:38:51.582842
506,Flussufer,12.337333,51.321365,0,2020-05-29 13:38:51.958685,2020-05-29 13:38:51.958685
507,Klgv. 747 - Gartenbauverein Elf Buchen e.V,9.9170519,53.442358,0,2020-05-29 13:38:52.016003,2020-05-29 13:38:52.016003
508,Wald,9.9781433,53.505185,0,2020-05-29 13:38:52.040325,2020-05-29 13:38:52.040325
509,"Erdkampsweg, 12",10.025128,53.627276,0,2020-05-29 13:38:52.060415,2020-05-29 13:38:52.060415
510,Wasserfläche,10.037354,53.619287,0,2020-05-29 13:38:52.079083,2020-05-29 13:38:52.079083
511,Friedhof Ohlsdorf,10.032985,53.622968,0,2020-05-29 13:38:52.099775,2020-05-29 13:38:52.099775
512,Gebäude,10.049936,53.619796,0,2020-05-29 13:38:52.118354,2020-05-29 13:38:52.118354
513,Friedhof Ohlsdorf,10.054073,53.624001,0,2020-05-29 13:38:52.129022,2020-05-29 13:38:52.129022
514,Friedhof Ohlsdorf,10.057904,53.6249,0,2020-05-29 13:38:52.145189,2020-05-29 13:38:52.145189
515,Friedhof Ohlsdorf,10.064569,53.626705,0,2020-05-29 13:38:52.169542,2020-05-29 13:38:52.169542
516,RamRob,10.239184,53.671253,0,2020-05-29 13:38:52.181798,2020-05-29 13:38:52.181798
517,Audimax,9.9856203,53.566465,0,2020-05-29 13:38:52.20429,2020-05-29 13:38:52.20429
518,Parkplatz,9.6641374,53.471392,0,2020-05-29 13:38:52.227609,2020-05-29 13:38:52.227609
519,Neukloster Forst,9.6402215,53.474719,0,2020-05-29 13:38:52.253232,2020-05-29 13:38:52.253232
520,Dorfhotel Sylt,8.2948911,54.859919,0,2020-05-29 13:38:52.278004,2020-05-29 13:38:52.278004
521,Gebäude,8.443565,54.869095,0,2020-05-29 13:38:52.308748,2020-05-29 13:38:52.308748
522,Parkbank,8.4443599,54.876774,0,2020-05-29 13:38:52.329965,2020-05-29 13:38:52.329965
523,Aussichtspunkt,8.4614215,54.87664,0,2020-05-29 13:38:52.353369,2020-05-29 13:38:52.353369
524,"Hörnum, Hafen",8.2937861,54.756886,0,2020-05-29 13:38:52.368753,2020-05-29 13:38:52.368753
525,Kap-Horn,8.2807532,54.753918,0,2020-05-29 13:38:52.384772,2020-05-29 13:38:52.384772
526,Busbahnhof,8.3106706,54.906109,0,2020-05-29 13:38:52.416561,2020-05-29 13:38:52.416561
527,48,8.2984156,54.907723,0,2020-05-29 13:38:52.434066,2020-05-29 13:38:52.434066
528,Jürgen Ingwersen,8.431598,54.870411,0,2020-05-29 13:38:52.456587,2020-05-29 13:38:52.456587
529,Informationstafel,8.4348944,54.875875,0,2020-05-29 13:38:52.473206,2020-05-29 13:38:52.473206
530,Strand,8.4707559,54.877486,0,2020-05-29 13:38:52.485162,2020-05-29 13:38:52.485162
531,Gebäude,8.3132482,54.861014,0,2020-05-29 13:38:52.49902,2020-05-29 13:38:52.49902
532,Unbekannter Ort,8.2946028,54.848663,0,2020-05-29 13:38:52.513381,2020-05-29 13:38:52.513381
533,Sylter Rad,8.4393415,55.017586,0,2020-05-29 13:38:52.52615,2020-05-29 13:38:52.52615
534,"List, Süderhörn",8.4222666,55.01344,0,2020-05-29 13:38:52.537321,2020-05-29 13:38:52.537321
535,Unbekannter Ort,8.429882,55.025572,0,2020-05-29 13:38:52.561261,2020-05-29 13:38:52.561261
536,Ellenbogenberg,8.387532,55.037654,0,2020-05-29 13:38:52.572906,2020-05-29 13:38:52.572906
537,Ellenbogenspitze,8.4639561,55.045948,0,2020-05-29 13:38:52.583305,2020-05-29 13:38:52.583305
538,Mühlenteichpark,10.060369,53.574394,0,2020-05-29 13:38:52.598522,2020-05-29 13:38:52.598522
539,Novotel Amsterdam Schiphol Airport,4.7016296,52.291781,0,2020-05-29 13:38:52.616289,2020-05-29 13:38:52.616289
540,Monument op de Dam,4.8937589,52.372826,0,2020-05-29 13:38:52.643269,2020-05-29 13:38:52.643269
541,Centraal Station,4.9005918,52.378316,0,2020-05-29 13:38:52.658061,2020-05-29 13:38:52.658061
542,Mein Standort,4.9015061,52.379693,0,2020-05-29 13:38:52.679444,2020-05-29 13:38:52.679444
543,Damrak,4.8971697,52.376389,0,2020-05-29 13:38:52.710471,2020-05-29 13:38:52.710471
544,Beursplein,4.8952673,52.37433,0,2020-05-29 13:38:52.732584,2020-05-29 13:38:52.732584
545,De Pannenkoekerij,4.8927236,52.374233,0,2020-05-29 13:38:52.758436,2020-05-29 13:38:52.758436
546,Hotel Corner House,4.8915005,52.374271,0,2020-05-29 13:38:52.781948,2020-05-29 13:38:52.781948
547,Sint Nicolaasstraat,4.8931695,52.374957,0,2020-05-29 13:38:52.798902,2020-05-29 13:38:52.798902
548,Nieuwe Nieuwstraat,4.8935876,52.375336,0,2020-05-29 13:38:52.813017,2020-05-29 13:38:52.813017
549,"Nieuwezijds Kolk, 28",4.8949471,52.376263,0,2020-05-29 13:38:52.831185,2020-05-29 13:38:52.831185
550,Albert Heijn,4.8958859,52.378479,0,2020-05-29 13:38:52.868424,2020-05-29 13:38:52.868424
551,Unbekannter Ort,4.891474,52.376124,0,2020-05-29 13:38:52.900217,2020-05-29 13:38:52.900217
552,Mein Standort,4.8895448,52.374307,0,2020-05-29 13:38:52.918217,2020-05-29 13:38:52.918217
553,Mein Standort,4.8901373,52.373234,0,2020-05-29 13:38:52.930927,2020-05-29 13:38:52.930927
554,Dam,4.8922793,52.373131,0,2020-05-29 13:38:52.948159,2020-05-29 13:38:52.948159
555,Gebäude,4.8906861,52.37067,0,2020-05-29 13:38:52.967895,2020-05-29 13:38:52.967895
556,Unbekannter Ort,4.8901694,52.368904,0,2020-05-29 13:38:52.987907,2020-05-29 13:38:52.987907
557,Unbekannter Ort,4.8920172,52.369324,0,2020-05-29 13:38:53.008995,2020-05-29 13:38:53.008995
558,Mein Standort,4.8936419,52.367582,0,2020-05-29 13:38:53.050927,2020-05-29 13:38:53.050927
559,Aussichtspunkt,4.8943115,52.369337,0,2020-05-29 13:38:53.068438,2020-05-29 13:38:53.068438
560,Mein Standort,4.8975502,52.371286,0,2020-05-29 13:38:53.096157,2020-05-29 13:38:53.096157
561,Nieuwmarkt,4.9005369,52.372617,0,2020-05-29 13:38:53.118935,2020-05-29 13:38:53.118935
562,Unbekannter Ort,4.8998713,52.376432,0,2020-05-29 13:38:53.150981,2020-05-29 13:38:53.150981
563,Mein Standort,4.8970181,52.369995,0,2020-05-29 13:38:53.178596,2020-05-29 13:38:53.178596
564,Mein Standort,4.9000799,52.369358,0,2020-05-29 13:38:53.21448,2020-05-29 13:38:53.21448
565,Mein Standort,4.8976853,52.3683,0,2020-05-29 13:38:53.241295,2020-05-29 13:38:53.241295
566,Mein Standort,4.893248,52.370297,0,2020-05-29 13:38:53.256093,2020-05-29 13:38:53.256093
567,Unbekannter Ort,4.8904534,52.370236,0,2020-05-29 13:38:53.278192,2020-05-29 13:38:53.278192
568,Mein Standort,4.884681,52.374694,0,2020-05-29 13:38:53.298055,2020-05-29 13:38:53.298055
569,Oosterdokskade,4.9048173,52.378015,0,2020-05-29 13:38:53.330565,2020-05-29 13:38:53.330565
570,Mein Standort,4.9053102,52.366571,0,2020-05-29 13:38:53.380333,2020-05-29 13:38:53.380333
571,Mein Standort,4.9012446,52.365892,0,2020-05-29 13:38:53.413043,2020-05-29 13:38:53.413043
572,man_made-pier,4.9056676,52.376094,0,2020-05-29 13:38:53.436068,2020-05-29 13:38:53.436068
573,Oosterdok,4.910739,52.374703,0,2020-05-29 13:38:53.449072,2020-05-29 13:38:53.449072
574,Wasserfläche,4.9135932,52.371635,0,2020-05-29 13:38:53.474004,2020-05-29 13:38:53.474004
575,Unbekannter Ort,4.9042889,52.372828,0,2020-05-29 13:38:53.487753,2020-05-29 13:38:53.487753
576,Unbekannter Ort,4.9042192,52.371454,0,2020-05-29 13:38:53.501706,2020-05-29 13:38:53.501706
577,Mein Standort,4.9104453,52.367996,0,2020-05-29 13:38:53.514161,2020-05-29 13:38:53.514161
578,Unbekannter Ort,4.9128187,52.366517,0,2020-05-29 13:38:53.52467,2020-05-29 13:38:53.52467
579,Fußgängerzone,4.8989503,52.367545,0,2020-05-29 13:38:53.540006,2020-05-29 13:38:53.540006
580,"Muntplein, 14",4.8932278,52.367054,0,2020-05-29 13:38:53.566966,2020-05-29 13:38:53.566966
581,Mein Standort,4.892904,52.372323,0,2020-05-29 13:38:53.58942,2020-05-29 13:38:53.58942
582,Wasserfläche,4.8870765,52.372269,0,2020-05-29 13:38:53.599847,2020-05-29 13:38:53.599847
583,Wasserfläche,4.8829359,52.372418,0,2020-05-29 13:38:53.625051,2020-05-29 13:38:53.625051
584,Unbekannter Ort,4.8860154,52.378105,0,2020-05-29 13:38:53.693041,2020-05-29 13:38:53.693041
585,Café 't Papeneiland,4.8879948,52.38046,0,2020-05-29 13:38:53.735915,2020-05-29 13:38:53.735915
586,Mein Standort,4.8923679,52.379266,0,2020-05-29 13:38:53.74843,2020-05-29 13:38:53.74843
587,Parkbank,-2.5814399,51.450453,0,2020-05-29 13:38:53.758138,2020-05-29 13:38:53.758138
588,Holiday Inn Express Bristol City Centre,-2.5841597,51.448611,0,2020-05-29 13:38:53.76982,2020-05-29 13:38:53.76982
589,Bristol Cathedral,-2.6006727,51.451535,0,2020-05-29 13:38:53.785183,2020-05-29 13:38:53.785183
590,The Covered Market,-2.5931075,51.454077,0,2020-05-29 13:38:53.80086,2020-05-29 13:38:53.80086
591,Mein Standort,-2.5967771,51.453526,0,2020-05-29 13:38:53.82735,2020-05-29 13:38:53.82735
592,Wills Memorial Tower,-2.6046182,51.456073,0,2020-05-29 13:38:53.864166,2020-05-29 13:38:53.864166
593,Aussichtspunkt,-2.606819,51.453988,0,2020-05-29 13:38:53.884083,2020-05-29 13:38:53.884083
594,Mein Standort,-2.6039779,51.458002,0,2020-05-29 13:38:53.916682,2020-05-29 13:38:53.916682
595,Royal Fort,-2.6020232,51.457944,0,2020-05-29 13:38:53.937836,2020-05-29 13:38:53.937836
596,Wegweiser,-2.600371,51.456869,0,2020-05-29 13:38:53.965643,2020-05-29 13:38:53.965643
597,Unbekannter Ort,-2.5975684,51.453681,0,2020-05-29 13:38:54.035718,2020-05-29 13:38:54.035718
598,Pero's Bridge,-2.5976217,51.449998,0,2020-05-29 13:38:54.048429,2020-05-29 13:38:54.048429
599,Equestrian Statue of William III,-2.59469,51.450521,0,2020-05-29 13:38:54.064029,2020-05-29 13:38:54.064029
600,St Mary Redcliffe,-2.5895375,51.44832,0,2020-05-29 13:38:54.077927,2020-05-29 13:38:54.077927
601,Sikh War Memorial,-2.5890628,51.455432,0,2020-05-29 13:38:54.094287,2020-05-29 13:38:54.094287
602,Waterstones,-2.590762,51.456282,0,2020-05-29 13:38:54.110109,2020-05-29 13:38:54.110109
603,M&S Foodhall,-2.5908075,51.457736,0,2020-05-29 13:38:54.122799,2020-05-29 13:38:54.122799
604,Mein Standort,-5.5319168,50.124592,0,2020-05-29 13:38:54.139276,2020-05-29 13:38:54.139276
605,Aussichtspunkt,-5.7084155,50.076537,0,2020-05-29 13:38:54.153974,2020-05-29 13:38:54.153974
606,Strand,-5.5388024,50.082752,0,2020-05-29 13:38:54.178195,2020-05-29 13:38:54.178195
607,Unbekannter Ort,-5.4713931,50.200027,0,2020-05-29 13:38:54.194344,2020-05-29 13:38:54.194344
608,Porthmeor Beach Cafe,-5.4823053,50.215207,0,2020-05-29 13:38:54.206815,2020-05-29 13:38:54.206815
609,Mein Standort,-5.4990795,50.21903,0,2020-05-29 13:38:54.233906,2020-05-29 13:38:54.233906
610,Mein Standort,-5.4894916,50.213485,0,2020-05-29 13:38:54.252641,2020-05-29 13:38:54.252641
611,The Yacht Inn,-5.5327711,50.115661,0,2020-05-29 13:38:54.292636,2020-05-29 13:38:54.292636
612,Straße,-5.6428362,50.045512,0,2020-05-29 13:38:54.307406,2020-05-29 13:38:54.307406
613,Fisherman Statue Memorial - 'Throw Me A Line',-5.5481214,50.107523,0,2020-05-29 13:38:54.325016,2020-05-29 13:38:54.325016
614,Prussia Cove,-5.4182837,50.101514,0,2020-05-29 13:38:54.336123,2020-05-29 13:38:54.336123
615,Scandic Continental,18.059661,59.33096,0,2020-05-29 13:38:54.357353,2020-05-29 13:38:54.357353
616,Skansen,18.102877,59.326105,0,2020-05-29 13:38:54.380011,2020-05-29 13:38:54.380011
617,Gamla stan,18.070642,59.324952,0,2020-05-29 13:38:54.408648,2020-05-29 13:38:54.408648
618,"Dunckersweg, 12",10.079821,53.552626,0,2020-05-29 13:38:54.42685,2020-05-29 13:38:54.42685
619,Strandvägskajen,18.080707,59.331349,0,2020-05-29 13:38:54.449986,2020-05-29 13:38:54.449986
620,Unbekannter Ort,18.198073,59.334097,0,2020-05-29 13:38:54.476309,2020-05-29 13:38:54.476309
621,Waxholm,18.354999,59.401766,0,2020-05-29 13:38:54.4903,2020-05-29 13:38:54.4903
622,Velamsund,18.322889,59.357502,0,2020-05-29 13:38:54.503162,2020-05-29 13:38:54.503162
623,Esther,18.073606,59.323934,0,2020-05-29 13:38:54.536252,2020-05-29 13:38:54.536252
624,Kristallvertikalaccent,18.065205,59.332569,0,2020-05-29 13:38:54.556932,2020-05-29 13:38:54.556932
625,Unbekannter Ort,18.052918,59.341146,0,2020-05-29 13:38:54.590247,2020-05-29 13:38:54.590247
626,Mein Standort,18.061645,59.324694,0,2020-05-29 13:38:54.611847,2020-05-29 13:38:54.611847
627,Bröd & Salt,18.072822,59.322849,0,2020-05-29 13:38:54.641382,2020-05-29 13:38:54.641382
628,Slussen,18.075692,59.322599,0,2020-05-29 13:38:54.674026,2020-05-29 13:38:54.674026
629,Aussichtspunkt,18.090721,59.322411,0,2020-05-29 13:38:54.689067,2020-05-29 13:38:54.689067
630,Mein Standort,18.069015,59.335921,0,2020-05-29 13:38:54.712069,2020-05-29 13:38:54.712069
631,My Position,10.159659,53.509322,0,2020-11-06 15:47:16.342885,2020-11-06 15:47:16.342885
632,Viewpoint,10.170702,53.508118,0,2020-11-06 15:47:16.354866,2020-11-06 15:47:16.354866
633,"Hinter der Twiete, 47",10.023389,53.695993,0,2020-11-06 15:47:16.362629,2020-11-06 15:47:16.362629
634,Lighthouse Hotel & Spa,8.8583991,54.127341,0,2020-11-06 15:47:16.369047,2020-11-06 15:47:16.369047
635,Am Park,8.8594398,54.129828,0,2020-11-06 15:47:16.3754,2020-11-06 15:47:16.3754
636,Viewpoint,8.8370434,54.133735,0,2020-11-06 15:47:16.386418,2020-11-06 15:47:16.386418
637,Bench,8.857573,54.121905,0,2020-11-06 15:47:16.393151,2020-11-06 15:47:16.393151
638,Alter Friedhof,8.863317,54.131653,0,2020-11-06 15:47:16.400371,2020-11-06 15:47:16.400371
639,Parking,8.8547741,54.132465,0,2020-11-06 15:47:16.407718,2020-11-06 15:47:16.407718
640,Beach Hotel Noordwijk,4.4333899,52.24818,0,2020-11-06 15:47:16.414829,2020-11-06 15:47:16.414829
641,The Student Hotel Eindhoven,5.4814282,51.442018,0,2020-11-06 15:47:16.42274,2020-11-06 15:47:16.42274
642,Grote Marktstraat,4.3132622,52.076817,0,2020-11-06 15:47:16.434572,2020-11-06 15:47:16.434572
643,Haagsche Bluf,4.3092285,52.077238,0,2020-11-06 15:47:16.442283,2020-11-06 15:47:16.442283
644,Grote Kerk,4.3071705,52.077395,0,2020-11-06 15:47:16.452707,2020-11-06 15:47:16.452707
645,Building,4.3109079,52.078141,0,2020-11-06 15:47:16.464443,2020-11-06 15:47:16.464443
646,Bench,4.312256,52.079415,0,2020-11-06 15:47:16.472568,2020-11-06 15:47:16.472568
647,Stadhouder Prins Willem van Oranje,4.307074,52.081198,0,2020-11-06 15:47:16.47955,2020-11-06 15:47:16.47955
648,Koninklijke Stallen,4.3030084,52.082343,0,2020-11-06 15:47:16.491258,2020-11-06 15:47:16.491258
649,Gate,4.3040756,52.080301,0,2020-11-06 15:47:16.500077,2020-11-06 15:47:16.500077
650,Park,4.3125443,52.080826,0,2020-11-06 15:47:16.508655,2020-11-06 15:47:16.508655
651,Rootz,4.3099359,52.07591,0,2020-11-06 15:47:16.520782,2020-11-06 15:47:16.520782
652,Street,4.2973268,52.086937,0,2020-11-06 15:47:16.531057,2020-11-06 15:47:16.531057
653,Nationaal Onafhankelijkheidsmonument,4.3049121,52.086176,0,2020-11-06 15:47:16.538936,2020-11-06 15:47:16.538936
654,"Zeestraat, 66B",4.3024606,52.085376,0,2020-11-06 15:47:16.547302,2020-11-06 15:47:16.547302
655,"Laan van Meerdervoort, 18",4.2989626,52.086161,0,2020-11-06 15:47:16.554548,2020-11-06 15:47:16.554548
656,Dille & Kamille,4.3090132,52.079806,0,2020-11-06 15:47:16.565149,2020-11-06 15:47:16.565149
657,Scrub,4.4135496,52.225653,0,2020-11-06 15:47:16.575066,2020-11-06 15:47:16.575066
658,Unknown Place,4.4357845,52.242998,0,2020-11-06 15:47:16.582833,2020-11-06 15:47:16.582833
659,"Egbert de Grootstraat, 36",4.441633,52.245677,0,2020-11-06 15:47:16.594901,2020-11-06 15:47:16.594901
660,De Zeemeeuw,4.432254,52.249586,0,2020-11-06 15:47:16.601854,2020-11-06 15:47:16.601854
661,Wantveld,4.4386766,52.250263,0,2020-11-06 15:47:16.608273,2020-11-06 15:47:16.608273
662,Zuidboulevard,4.2618345,52.101317,0,2020-11-06 15:47:16.617279,2020-11-06 15:47:16.617279
663,Keizerstraat,4.2754413,52.104696,0,2020-11-06 15:47:16.623624,2020-11-06 15:47:16.623624
664,Simonis,4.2820087,52.114707,0,2020-11-06 15:47:16.630995,2020-11-06 15:47:16.630995
665,Boulevard (Scheveningen),4.2866919,52.117017,0,2020-11-06 15:47:16.637923,2020-11-06 15:47:16.637923
666,man_made-pier,4.27992,52.117302,0,2020-11-06 15:47:16.644847,2020-11-06 15:47:16.644847
667,Designer Outlet Roermond,5.9879044,51.19992,0,2020-11-06 15:47:16.651155,2020-11-06 15:47:16.651155
668,Kleine Berg,5.4753262,51.437585,0,2020-11-06 15:47:16.657573,2020-11-06 15:47:16.657573
669,My Position,5.4789696,51.433702,0,2020-11-06 15:47:16.664758,2020-11-06 15:47:16.664758
670,Unknown Place,5.4838711,51.434519,0,2020-11-06 15:47:16.671975,2020-11-06 15:47:16.671975
671,Unknown Place,5.4876248,51.439657,0,2020-11-06 15:47:16.685244,2020-11-06 15:47:16.685244
672,Unknown Place,5.4735449,51.435465,0,2020-11-06 15:47:16.702663,2020-11-06 15:47:16.702663
673,Archaeological Site,5.4797331,51.437142,0,2020-11-06 15:47:16.710114,2020-11-06 15:47:16.710114
674,My Position,5.4826909,51.435955,0,2020-11-06 15:47:16.720575,2020-11-06 15:47:16.720575
675,Jumbo,5.4730517,51.440403,0,2020-11-06 15:47:16.730682,2020-11-06 15:47:16.730682
676,Giant Store Eindhoven,5.4845771,51.434719,0,2020-11-06 15:47:16.749925,2020-11-06 15:47:16.749925
677,The hapiness kitchen,5.4789311,51.439988,0,2020-11-06 15:47:16.760562,2020-11-06 15:47:16.760562
678,Zoet & Zout,5.4785824,51.440048,0,2020-11-06 15:47:16.770086,2020-11-06 15:47:16.770086
679,Spar CITY,5.4757956,51.438333,0,2020-11-06 15:47:16.777696,2020-11-06 15:47:16.777696
680,"Im Rottfeld, 17",6.8069424,51.245275,0,2020-11-06 15:47:16.789639,2020-11-06 15:47:16.789639
681,IKEA,10.092773,53.51078,0,2020-11-06 15:47:16.797437,2020-11-06 15:47:16.797437
682,My Position,10.105842,53.486899,0,2020-11-06 15:47:16.804167,2020-11-06 15:47:16.804167
683,"Redningsvejen Nord, 55",9.6951357,57.351304,0,2020-11-06 15:47:16.8118,2020-11-06 15:47:16.8118
684,Nørregade,9.7140422,57.373008,0,2020-11-06 15:47:16.819542,2020-11-06 15:47:16.819542
685,"Søndergade, 33",9.7107723,57.367991,0,2020-11-06 15:47:16.827227,2020-11-06 15:47:16.827227
686,Løkken Miniby,9.7075516,57.366633,0,2020-11-06 15:47:16.83423,2020-11-06 15:47:16.83423
687,Full wheelchair access,9.7065538,57.371033,0,2020-11-06 15:47:16.841074,2020-11-06 15:47:16.841074
688,Beach,9.7200081,57.383122,0,2020-11-06 15:47:16.850483,2020-11-06 15:47:16.850483
689,Parking,9.7075838,57.352641,0,2020-11-06 15:47:16.858666,2020-11-06 15:47:16.858666
690,Shelter,9.7107381,57.353187,0,2020-11-06 15:47:16.865057,2020-11-06 15:47:16.865057
691,Nybæk Plantage,9.7236761,57.352841,0,2020-11-06 15:47:16.873971,2020-11-06 15:47:16.873971
692,Nybæk Plantage,9.7192129,57.35671,0,2020-11-06 15:47:16.896007,2020-11-06 15:47:16.896007
